[{"id":"user-image-logo.svg","fileName":"logo.svg","name":"logo","publicUrl":"https://assets.nicepagecdn.com/e32e888c/4191379/images/logo.svg","size":69596,"hash":"x3vJGlf14qW9NA40PigZeu/md9Y=","width":500,"height":500,"thumbnail":{"url":"https://assets.nicepagecdn.com/e32e888c/4191379/images/logo.svg","width":500,"height":500},"usages":[]},{"id":"user-image-BlackModernBusinessLogo.svg","fileName":"BlackModernBusinessLogo.svg","name":"BlackModernBusinessLogo","publicUrl":"https://assets.nicepagecdn.com/e32e888c/4191379/images/BlackModernBusinessLogo.svg","size":55991,"hash":"uCzPTuuR3kX8u2vou+L9kRxc2FI=","width":500,"height":500,"thumbnail":{"url":"https://assets.nicepagecdn.com/e32e888c/4191379/images/BlackModernBusinessLogo.svg","width":500,"height":500},"usages":["4191380"]}]